{
  "project_info": {
    "project_number": "303357860654",
    "project_id": "disneytour-be605",
    "storage_bucket": "disneytour-be605.appspot.com"
  },
  "client": [
    {
      "client_info": {
        "mobilesdk_app_id": "1:303357860654:android:17863dfaf1b6753e69b8bf",
        "android_client_info": {
          "package_name": "com.example.disneytour"
        }
      },
      "oauth_client": [
        {
          "client_id": "303357860654-uvfk45i2amflce4eocrmeqfcskno94kp.apps.googleusercontent.com",
          "client_type": 3
        }
      ],
      "api_key": [
        {
          "current_key": "AIzaSyDFOBs1ua2MXSSBiBrEDycG5fkAgaFOD0Q"
        }
      ],
      "services": {
        "appinvite_service": {
          "other_platform_oauth_client": [
            {
              "client_id": "303357860654-uvfk45i2amflce4eocrmeqfcskno94kp.apps.googleusercontent.com",
              "client_type": 3
            }
          ]
        }
      }
    }
  ],
  "configuration_version": "1"
}